maintenance_id,vehicle_id,service_date,service_type,cost,next_service_due
1,4,2024-08-07,Engine Service,25003,2027-02-08
2,5,2025-04-08,General Service,32545,2026-10-30
3,11,2025-05-27,Brake Repair,29774,2026-06-18
4,7,2026-02-22,Oil Change,29055,2027-03-13
5,14,2026-03-23,Oil Change,27202,2026-07-16
6,3,2024-12-03,Engine Service,19130,2027-02-24
7,13,2025-04-12,Oil Change,39826,2026-09-11
8,10,2024-08-24,Oil Change,36070,2027-04-27
9,7,2025-01-01,General Service,17681,2027-03-26
10,2,2025-11-23,Battery Replacement,35193,2026-11-18
11,6,2025-12-18,Oil Change,3521,2027-01-07
12,8,2024-08-20,Engine Service,15275,2026-06-17
13,8,2025-07-28,Oil Change,23910,2027-02-26
14,7,2024-10-29,Tyre Replacement,36792,2026-09-11
15,15,2024-09-04,Brake Repair,27703,2026-11-19
16,7,2024-09-12,Engine Service,23396,2027-02-20
17,11,2024-09-30,Tyre Replacement,18153,2027-02-04
18,11,2026-03-14,Battery Replacement,16499,2026-05-30
19,9,2024-08-10,Brake Repair,11771,2026-07-02
20,11,2026-01-05,Tyre Replacement,15327,2027-01-09
21,8,2024-07-28,Oil Change,27537,2027-02-07
22,8,2024-10-22,Oil Change,15327,2026-12-09
23,4,2025-07-13,Brake Repair,3040,2027-01-06
24,8,2024-08-02,Engine Service,35083,2026-08-29
25,5,2024-10-30,Engine Service,29690,2026-08-20
26,1,2025-04-12,General Service,23531,2026-12-28
27,3,2024-09-30,Brake Repair,37549,2026-10-12
28,1,2024-05-21,Battery Replacement,15362,2027-03-12
29,7,2025-09-18,Engine Service,13550,2026-12-25
30,10,2026-03-16,Engine Service,8468,2026-12-14
31,11,2025-02-18,Tyre Replacement,13397,2026-07-07
32,10,2025-05-17,Tyre Replacement,19386,2026-12-02
33,8,2025-02-20,Brake Repair,5386,2026-08-05
34,6,2026-05-05,Battery Replacement,15292,2026-07-19
35,13,2024-12-31,Engine Service,10310,2026-10-24
36,12,2024-12-30,Battery Replacement,12978,2027-03-21
37,5,2025-03-23,Battery Replacement,8065,2027-04-24
38,3,2025-09-30,Oil Change,17105,2027-01-30
39,15,2024-05-25,Oil Change,32842,2027-04-10
40,3,2024-10-24,Oil Change,31860,2026-07-01
41,6,2025-01-06,Tyre Replacement,35925,2026-10-26
42,15,2024-06-26,Tyre Replacement,44758,2027-03-18
43,11,2024-09-08,Engine Service,7542,2026-10-07
44,8,2024-11-30,Battery Replacement,28613,2026-08-21
45,7,2025-10-03,Oil Change,31400,2027-02-22
46,9,2025-05-01,Engine Service,13801,2026-05-22
47,2,2024-05-27,Tyre Replacement,13002,2026-07-03
48,13,2026-04-13,Brake Repair,20199,2026-07-06
49,7,2025-03-03,Brake Repair,40765,2027-01-26
50,5,2025-01-30,Battery Replacement,14628,2027-04-15
51,11,2024-11-03,General Service,7135,2026-06-04
52,9,2026-04-21,Oil Change,41676,2026-12-20
53,7,2024-11-02,Tyre Replacement,16818,2027-01-27
54,12,2024-06-05,Tyre Replacement,22407,2026-10-05
55,2,2025-01-30,Brake Repair,28167,2026-10-08
56,7,2025-08-01,Tyre Replacement,32260,2026-11-22
57,9,2024-06-21,General Service,2335,2027-03-13
58,11,2025-05-20,Oil Change,24234,2026-08-14
59,4,2026-03-03,Battery Replacement,18992,2027-01-30
60,1,2026-02-04,Battery Replacement,26463,2026-09-04
61,10,2026-04-15,Battery Replacement,15998,2027-03-10
62,2,2025-05-03,Battery Replacement,39431,2026-12-17
63,6,2024-08-12,Oil Change,12264,2027-03-09
64,4,2024-09-03,Engine Service,33041,2026-07-13
65,15,2025-08-24,Battery Replacement,14514,2027-03-17
66,2,2026-05-21,Battery Replacement,30931,2027-03-18
67,14,2025-07-06,Oil Change,44617,2027-03-26
68,7,2024-12-18,Tyre Replacement,11927,2027-04-19
69,8,2025-06-27,Tyre Replacement,28568,2026-11-30
70,14,2026-01-05,Engine Service,39028,2027-03-24
71,4,2024-08-20,Brake Repair,10730,2026-06-30
72,5,2026-03-22,Tyre Replacement,3470,2027-03-06
73,12,2025-11-21,Tyre Replacement,39229,2026-08-29
74,15,2026-04-21,Oil Change,3032,2027-01-06
75,15,2024-06-10,Engine Service,23306,2027-01-01
76,10,2025-08-16,Engine Service,27582,2027-03-10
77,5,2025-03-22,Oil Change,28673,2026-07-16
78,4,2024-11-09,Engine Service,43888,2026-12-31
79,14,2025-02-04,Oil Change,26050,2026-11-07
80,4,2024-06-16,General Service,11433,2026-09-16
81,5,2024-10-31,Battery Replacement,26705,2027-05-08
82,9,2024-10-15,Brake Repair,38825,2027-02-07
83,15,2025-02-15,Brake Repair,6032,2026-10-23
84,5,2024-12-14,Tyre Replacement,18186,2026-05-23
85,15,2024-10-11,Engine Service,14532,2026-09-11
86,7,2025-03-29,Brake Repair,4916,2026-08-01
87,1,2024-10-27,Tyre Replacement,8736,2026-07-26
88,1,2026-05-02,Tyre Replacement,22760,2026-10-11
89,15,2025-09-21,General Service,32197,2027-01-08
90,4,2024-06-29,Oil Change,33730,2026-08-14
91,13,2024-11-21,Tyre Replacement,27824,2026-09-26
92,9,2026-03-13,General Service,16597,2026-06-13
93,4,2024-12-10,Brake Repair,37559,2026-10-14
94,10,2025-12-09,Battery Replacement,27375,2026-07-18
95,5,2024-11-09,Brake Repair,43359,2027-04-17
96,1,2026-04-22,General Service,42664,2027-04-28
97,15,2024-05-29,General Service,35386,2026-06-04
98,10,2025-12-02,Brake Repair,30073,2027-01-11
99,11,2024-08-22,Engine Service,8983,2026-10-23
100,5,2024-08-07,Oil Change,36894,2026-10-09
101,10,2025-09-16,General Service,6383,2026-06-25
102,14,2024-07-25,Tyre Replacement,42870,2026-12-05
103,8,2024-06-11,Oil Change,13066,2027-01-17
104,2,2024-11-08,Oil Change,21726,2027-04-21
105,13,2025-07-30,Oil Change,24223,2027-01-27
106,6,2024-11-30,Engine Service,43740,2027-01-21
107,10,2025-04-15,General Service,12063,2026-06-30
108,14,2024-06-30,Battery Replacement,42251,2027-04-13
109,3,2024-10-16,General Service,26331,2027-03-20
110,4,2025-06-23,Tyre Replacement,17889,2027-05-10
111,8,2025-08-03,Brake Repair,43878,2026-08-03
112,1,2026-05-15,Brake Repair,2914,2027-01-05
113,14,2025-11-20,Engine Service,17377,2026-10-01
114,4,2024-10-10,Battery Replacement,40914,2026-08-01
115,9,2024-08-22,Oil Change,19992,2026-10-21
116,10,2025-05-28,Engine Service,10631,2026-11-05
117,9,2026-03-21,Oil Change,11717,2026-08-18
118,8,2024-08-23,Oil Change,24832,2027-02-05
119,1,2024-11-20,Brake Repair,12476,2027-03-31
120,3,2025-07-14,Tyre Replacement,33734,2027-03-16
121,5,2025-11-06,Engine Service,39810,2026-11-11
122,4,2025-12-29,Tyre Replacement,16221,2026-08-12
123,4,2025-01-13,Brake Repair,7470,2026-09-02
124,13,2025-10-21,Oil Change,37362,2026-06-26
125,9,2024-08-15,Engine Service,41535,2026-05-29
126,10,2024-09-01,Brake Repair,31800,2027-03-08
127,7,2025-06-05,Battery Replacement,7855,2026-12-17
128,1,2025-08-22,Oil Change,21469,2027-02-13
129,2,2025-02-14,Brake Repair,34402,2026-09-22
130,13,2025-10-23,Engine Service,22757,2026-11-01
131,6,2026-03-14,Brake Repair,23268,2027-04-22
132,12,2025-10-14,Brake Repair,39712,2027-05-13
133,7,2024-05-27,Engine Service,2057,2027-04-25
134,5,2024-12-17,Oil Change,15249,2026-11-19
135,9,2024-08-27,Engine Service,38929,2026-11-12
136,11,2024-12-27,Brake Repair,23592,2026-07-31
137,7,2025-01-05,Tyre Replacement,26892,2026-08-01
138,8,2025-10-03,General Service,42442,2027-03-08
139,6,2024-07-21,Oil Change,21184,2026-12-23
140,6,2024-10-14,Engine Service,23021,2027-01-10
141,10,2026-03-12,Tyre Replacement,42545,2026-07-13
142,5,2026-03-25,Engine Service,13284,2026-08-23
143,1,2025-02-01,Battery Replacement,41739,2026-09-02
144,2,2024-12-10,Battery Replacement,44391,2026-09-15
145,7,2026-04-25,Tyre Replacement,44980,2027-03-29
146,14,2025-01-15,Brake Repair,7953,2026-12-11
147,5,2025-06-22,Oil Change,7969,2026-12-17
148,5,2025-03-01,Tyre Replacement,38587,2026-11-13
149,10,2025-11-19,Battery Replacement,22689,2026-12-15
150,3,2025-07-12,General Service,8376,2026-09-25
151,13,2025-10-25,Brake Repair,14687,2026-12-28
152,11,2024-11-05,Tyre Replacement,25112,2027-04-01
153,11,2025-03-22,Battery Replacement,29770,2026-10-30
154,8,2026-01-13,Battery Replacement,23277,2027-04-11
155,3,2026-02-10,Battery Replacement,37710,2027-04-14
156,8,2024-07-18,Battery Replacement,9415,2026-10-03
157,1,2024-10-23,General Service,37893,2027-02-23
158,2,2025-09-17,Battery Replacement,17049,2026-09-29
159,3,2026-01-04,Battery Replacement,28392,2026-11-02
160,5,2025-05-22,Engine Service,25237,2027-02-18
161,15,2024-11-29,General Service,39683,2026-09-02
162,8,2025-11-01,General Service,5886,2026-12-31
163,10,2024-05-24,Battery Replacement,7739,2026-06-08
164,15,2025-07-18,Tyre Replacement,4194,2027-05-19
165,13,2025-04-01,Brake Repair,44531,2026-07-08
166,11,2025-06-18,General Service,10613,2026-09-13
167,9,2025-01-11,Brake Repair,17902,2026-11-14
168,12,2024-12-11,Tyre Replacement,17424,2027-03-10
169,6,2025-06-24,Oil Change,31756,2026-10-03
170,15,2025-03-29,Battery Replacement,2043,2027-03-16
171,13,2025-03-14,Brake Repair,42957,2026-10-27
172,6,2025-11-30,General Service,29316,2026-07-13
173,7,2025-06-09,Battery Replacement,10760,2026-12-22
174,2,2025-02-21,Oil Change,11557,2027-01-25
175,4,2025-05-20,Oil Change,7144,2026-05-25
176,1,2026-02-23,General Service,37440,2026-08-03
177,3,2025-10-07,General Service,18547,2026-08-16
178,10,2025-10-29,Brake Repair,8861,2027-03-07
179,3,2026-05-01,Brake Repair,26310,2026-11-24
180,5,2024-11-01,Battery Replacement,13141,2026-09-08
181,14,2026-02-07,Oil Change,13525,2026-11-06
182,3,2025-12-18,Battery Replacement,33488,2026-09-24
183,13,2025-05-25,General Service,31614,2026-09-18
184,4,2025-01-19,Tyre Replacement,22731,2027-03-23
185,15,2025-07-10,Battery Replacement,12019,2027-01-18
186,3,2026-03-15,Battery Replacement,36240,2026-09-30
187,13,2025-11-27,General Service,27177,2026-10-29
188,7,2024-07-25,Engine Service,27456,2026-08-30
189,4,2025-05-18,Battery Replacement,32489,2027-04-14
190,9,2025-08-24,Oil Change,7522,2026-08-04
191,3,2025-06-08,Battery Replacement,4223,2027-01-04
192,14,2026-02-01,Oil Change,20975,2026-11-17
193,3,2026-04-05,Brake Repair,20490,2026-07-12
194,12,2026-03-19,Battery Replacement,8420,2027-04-26
195,11,2026-05-01,General Service,24163,2026-06-26
196,8,2026-02-13,Oil Change,21391,2026-06-05
197,2,2024-09-29,General Service,24030,2027-03-24
198,4,2025-06-21,Brake Repair,34144,2026-10-08
199,14,2026-02-17,General Service,2875,2027-02-02
200,6,2025-08-15,Brake Repair,16117,2027-02-20
201,7,2024-07-10,Battery Replacement,25235,2026-08-21
202,9,2025-05-15,Tyre Replacement,24287,2027-01-25
203,1,2025-03-15,Engine Service,12837,2027-03-27
204,7,2026-04-18,Oil Change,24980,2027-04-24
205,10,2024-09-18,Tyre Replacement,15077,2026-11-22
206,15,2025-02-01,Engine Service,40962,2026-11-06
207,14,2026-01-15,Tyre Replacement,42174,2027-05-19
208,14,2026-03-11,Engine Service,33320,2027-02-21
209,11,2025-08-15,Engine Service,35258,2027-01-07
210,10,2025-05-02,Brake Repair,3614,2027-02-09
211,13,2025-09-07,Brake Repair,22534,2026-09-05
212,10,2024-09-05,General Service,43411,2026-12-15
213,6,2024-09-28,Engine Service,42321,2027-04-16
214,15,2025-07-05,Battery Replacement,27175,2027-02-22
215,2,2024-10-20,Tyre Replacement,13243,2026-09-10
216,7,2025-03-27,Oil Change,9976,2027-03-28
217,6,2025-07-10,General Service,24373,2027-02-27
218,5,2025-03-15,Engine Service,34910,2026-10-29
219,2,2025-07-13,Engine Service,6399,2026-07-23
220,15,2025-10-02,General Service,13241,2027-01-26
221,2,2024-09-29,Oil Change,20400,2027-04-18
222,1,2025-02-27,Oil Change,21460,2027-03-20
223,4,2025-12-21,Tyre Replacement,10103,2026-12-23
224,14,2024-06-02,Oil Change,42104,2026-05-24
225,10,2026-02-06,Engine Service,2343,2026-10-21
226,9,2024-11-22,Tyre Replacement,10396,2027-01-14
227,2,2025-07-21,Tyre Replacement,14510,2027-05-11
228,9,2025-04-02,Tyre Replacement,24486,2026-10-31
229,5,2025-03-01,Brake Repair,16589,2027-01-11
230,9,2026-04-14,General Service,8608,2027-02-12
231,8,2025-02-19,Engine Service,28499,2026-08-27
232,14,2024-08-18,Engine Service,8941,2026-10-08
233,13,2026-03-04,Brake Repair,13794,2026-10-31
234,11,2024-11-14,Tyre Replacement,5849,2027-01-10
235,12,2024-12-11,General Service,21488,2027-01-09
236,13,2025-08-30,Battery Replacement,21143,2026-08-25
237,4,2025-04-29,Oil Change,12296,2027-01-20
238,9,2026-02-27,Brake Repair,26520,2027-04-03
239,3,2024-09-22,General Service,33551,2026-08-10
240,10,2024-11-23,Battery Replacement,13927,2027-01-06
241,8,2024-10-23,Engine Service,34712,2026-06-04
242,2,2025-01-11,Tyre Replacement,18783,2027-02-08
243,11,2025-02-13,Tyre Replacement,11494,2026-11-24
244,11,2026-04-10,Oil Change,41598,2026-09-19
245,11,2025-07-15,Oil Change,42731,2027-02-13
246,1,2025-05-01,Brake Repair,38554,2027-03-06
247,3,2025-10-29,Tyre Replacement,14443,2027-03-04
248,4,2024-10-15,Battery Replacement,26914,2027-04-16
249,12,2025-04-17,Engine Service,33297,2026-11-24
250,2,2024-08-24,Tyre Replacement,26807,2026-08-17
251,13,2024-07-19,Engine Service,21219,2027-04-19
252,2,2025-08-09,Engine Service,25764,2026-08-14
253,8,2025-08-03,Tyre Replacement,13447,2027-01-01
254,14,2024-11-01,Tyre Replacement,30957,2027-03-10
255,5,2025-04-17,Battery Replacement,26141,2026-05-30
256,12,2024-11-10,Tyre Replacement,10430,2026-07-24
257,6,2024-11-18,Oil Change,15664,2026-10-01
258,7,2026-03-20,Battery Replacement,31291,2026-09-19
259,7,2025-03-24,Oil Change,8238,2026-10-31
260,14,2026-02-25,Brake Repair,4801,2026-11-12
261,8,2024-10-01,Battery Replacement,2659,2027-01-23
262,10,2025-09-18,General Service,30073,2027-01-23
263,2,2025-10-29,General Service,11292,2027-01-09
264,1,2025-06-15,General Service,9432,2027-04-05
265,14,2025-08-20,Brake Repair,40368,2026-08-09
266,6,2025-11-15,Oil Change,15136,2027-03-22
267,3,2024-08-28,General Service,13235,2026-08-01
268,6,2024-12-21,Tyre Replacement,32708,2026-09-30
269,15,2025-01-06,Brake Repair,21067,2026-12-07
270,8,2024-06-23,Tyre Replacement,28640,2026-12-20
271,2,2025-02-02,Engine Service,4591,2026-11-07
272,4,2024-09-05,Brake Repair,13812,2026-07-01
273,4,2026-03-22,Tyre Replacement,24248,2026-09-13
274,5,2025-09-15,Engine Service,41587,2026-12-24
275,8,2025-08-13,Engine Service,5222,2026-11-03
276,7,2024-07-23,Battery Replacement,7248,2026-11-14
277,4,2026-04-09,General Service,14415,2026-06-06
278,3,2025-06-20,Tyre Replacement,10594,2026-07-05
279,5,2024-12-25,Battery Replacement,5931,2027-01-24
280,3,2024-12-11,Oil Change,33269,2026-08-25
281,2,2025-12-16,Battery Replacement,27630,2026-07-11
282,1,2025-03-22,General Service,24608,2026-05-23
283,9,2025-05-04,General Service,17046,2026-06-10
284,6,2024-11-09,Battery Replacement,17311,2026-11-16
285,1,2024-10-22,Brake Repair,19660,2026-06-23
286,8,2025-03-17,Engine Service,5282,2027-02-23
287,13,2026-05-07,Brake Repair,40334,2026-11-09
288,15,2024-12-12,Battery Replacement,42431,2026-11-04
289,10,2025-05-14,Engine Service,11599,2027-02-16
290,5,2026-01-11,Engine Service,11492,2026-08-09
291,6,2025-04-27,Oil Change,6736,2026-07-08
292,4,2026-04-13,Oil Change,13561,2026-07-24
293,6,2024-11-29,Brake Repair,30818,2026-10-15
294,8,2025-01-06,Battery Replacement,14258,2026-08-02
295,7,2026-03-19,Battery Replacement,22355,2027-05-19
296,3,2026-02-25,Oil Change,20324,2027-02-06
297,1,2025-08-26,Oil Change,36353,2026-11-07
298,6,2024-11-21,Battery Replacement,13011,2026-07-30
299,2,2026-04-12,Battery Replacement,13541,2027-04-15
300,5,2026-01-30,Engine Service,7313,2026-07-08
301,2,2025-10-26,Engine Service,17863,2026-12-31
302,15,2024-09-08,Engine Service,24216,2027-02-08
303,5,2025-05-21,Tyre Replacement,17712,2026-06-30
304,7,2024-11-21,Brake Repair,20524,2027-02-04
305,5,2025-10-11,Engine Service,44508,2026-08-04
306,5,2025-04-18,Tyre Replacement,41173,2026-06-25
307,6,2025-01-09,Tyre Replacement,13033,2026-12-12
308,3,2024-08-27,Oil Change,26664,2026-10-01
309,4,2025-12-10,Brake Repair,44136,2027-04-14
310,14,2024-07-19,Engine Service,34805,2026-11-08
311,8,2025-01-14,General Service,27911,2026-11-05
312,5,2024-06-05,Oil Change,22466,2027-03-02
313,8,2024-12-18,Oil Change,7098,2026-05-24
314,10,2024-11-26,Engine Service,25459,2026-10-09
315,5,2025-10-10,Battery Replacement,22253,2026-12-05
316,8,2024-06-07,Brake Repair,35936,2027-04-06
317,2,2024-09-13,Battery Replacement,23000,2027-05-11
318,3,2025-07-27,Engine Service,26504,2027-04-17
319,9,2025-03-03,Engine Service,17366,2026-10-22
320,1,2025-04-06,Brake Repair,23891,2026-07-18
321,12,2024-06-09,Tyre Replacement,30576,2026-08-17
322,1,2025-02-20,Tyre Replacement,10222,2027-02-04
323,13,2026-01-20,Brake Repair,11851,2027-04-15
324,6,2026-03-26,Battery Replacement,40206,2027-04-04
325,11,2026-05-03,Brake Repair,38754,2027-03-05
326,7,2026-04-03,Tyre Replacement,12597,2026-09-06
327,14,2024-11-04,Oil Change,20671,2026-10-08
328,5,2025-12-30,Battery Replacement,19553,2027-04-13
329,2,2024-09-13,Battery Replacement,12346,2026-12-20
330,12,2025-09-14,Tyre Replacement,30520,2026-11-04
331,3,2024-11-13,Engine Service,3456,2027-05-19
332,1,2024-08-29,Oil Change,40119,2027-01-14
333,5,2025-10-01,Tyre Replacement,35859,2027-02-27
334,14,2024-11-11,Brake Repair,7904,2027-04-21
335,2,2026-04-30,Battery Replacement,38366,2027-05-14
336,5,2025-09-15,Battery Replacement,6648,2027-04-21
337,14,2024-10-13,Tyre Replacement,21946,2026-12-05
338,9,2025-09-27,Brake Repair,22672,2026-08-23
339,3,2026-02-17,Oil Change,28389,2026-11-21
340,1,2024-11-20,Oil Change,30205,2026-10-17
341,14,2024-10-23,Engine Service,29880,2026-11-16
342,12,2026-03-23,Oil Change,34582,2026-08-28
343,13,2024-05-28,Tyre Replacement,30831,2026-12-10
344,8,2026-02-15,Tyre Replacement,11673,2026-11-27
345,11,2024-12-13,General Service,26720,2027-04-17
346,7,2025-01-04,Oil Change,4169,2026-10-31
347,13,2025-12-19,General Service,36489,2026-09-16
348,12,2024-08-28,Oil Change,8793,2026-07-25
349,12,2025-07-02,Brake Repair,17320,2026-08-21
350,11,2025-10-31,Battery Replacement,39310,2026-09-08
351,13,2026-02-25,General Service,7173,2027-04-01
352,9,2025-01-27,Engine Service,12565,2027-01-24
353,8,2025-07-09,Brake Repair,27033,2026-09-12
354,8,2026-03-10,Tyre Replacement,4717,2026-08-08
355,12,2024-07-19,Engine Service,26310,2027-04-25
356,6,2025-11-30,Battery Replacement,26888,2027-04-27
357,15,2024-08-31,Tyre Replacement,40062,2027-05-11
358,4,2026-04-25,Oil Change,6626,2026-09-12
359,9,2026-03-27,Oil Change,20696,2026-12-08
360,3,2026-03-15,Brake Repair,4943,2026-10-31
361,14,2024-10-13,Tyre Replacement,34504,2027-05-19
362,5,2025-08-07,Tyre Replacement,40550,2026-12-15
363,13,2025-12-23,Brake Repair,40766,2026-11-12
364,8,2025-06-03,General Service,43210,2026-12-19
365,1,2025-12-18,Tyre Replacement,22683,2026-06-17
366,10,2026-05-06,Engine Service,12566,2026-12-12
367,4,2024-07-08,Battery Replacement,34195,2026-06-22
368,15,2024-06-28,Battery Replacement,31459,2026-06-04
369,11,2026-04-15,Engine Service,41331,2026-10-18
370,6,2025-02-27,Tyre Replacement,4181,2026-07-25
371,9,2025-04-16,Tyre Replacement,6200,2026-10-07
372,11,2024-07-13,Tyre Replacement,36318,2027-01-31
373,2,2024-07-24,Engine Service,31253,2026-11-17
374,9,2025-01-23,Battery Replacement,28762,2026-11-10
375,3,2024-06-12,Tyre Replacement,16333,2026-12-15
376,12,2024-12-10,General Service,14231,2026-09-07
377,2,2024-05-21,General Service,24018,2027-03-01
378,1,2026-03-25,Tyre Replacement,19575,2026-07-15
379,7,2025-10-31,Tyre Replacement,10058,2026-05-24
380,3,2026-03-18,General Service,21546,2027-05-05
381,5,2024-12-05,Engine Service,2911,2026-07-01
382,4,2024-08-02,General Service,5924,2026-08-23
383,5,2026-02-04,Tyre Replacement,17541,2026-06-27
384,11,2025-05-26,General Service,2455,2026-08-02
385,10,2025-01-24,Tyre Replacement,21183,2027-04-26
386,3,2025-09-02,Engine Service,44153,2026-10-22
387,4,2024-09-11,Brake Repair,34976,2026-06-06
388,2,2026-04-25,Tyre Replacement,16951,2026-06-16
389,5,2026-01-15,Engine Service,29165,2027-02-08
390,6,2025-09-26,General Service,18260,2027-05-15
391,9,2025-07-23,General Service,34178,2026-07-06
392,11,2025-02-03,Engine Service,32810,2027-01-26
393,15,2025-03-24,Battery Replacement,29699,2026-12-01
394,9,2025-07-21,General Service,16227,2027-03-14
395,7,2026-05-17,Tyre Replacement,9042,2026-06-26
396,15,2026-05-16,Engine Service,29258,2027-04-30
397,13,2025-09-28,Brake Repair,33470,2026-07-26
398,15,2025-03-28,Engine Service,2675,2027-01-04
399,10,2024-12-10,Brake Repair,22042,2027-01-31
400,6,2024-07-09,Engine Service,35240,2026-06-07
401,8,2025-12-25,Tyre Replacement,26640,2027-04-08
402,6,2025-04-04,Battery Replacement,39659,2027-04-11
403,11,2025-07-23,Oil Change,29676,2026-11-28
404,9,2024-11-08,Tyre Replacement,22522,2026-11-18
405,10,2025-09-11,Battery Replacement,34310,2027-03-28
406,12,2025-10-12,Tyre Replacement,5693,2026-08-01
407,10,2024-10-14,Tyre Replacement,27844,2026-07-25
408,13,2025-06-14,Engine Service,39406,2027-04-20
409,7,2026-01-02,Brake Repair,3836,2027-02-08
410,3,2025-11-06,Tyre Replacement,11440,2026-08-31
411,8,2024-12-03,Oil Change,30704,2026-08-20
412,3,2024-11-10,Battery Replacement,39173,2027-04-23
413,7,2025-07-24,Tyre Replacement,35162,2026-11-01
414,6,2026-02-12,Engine Service,38758,2026-06-30
415,4,2025-02-23,General Service,26542,2027-05-03
416,15,2026-01-06,General Service,44587,2026-07-20
417,7,2024-05-26,Brake Repair,44772,2026-12-22
418,3,2025-11-22,Tyre Replacement,11750,2026-09-08
419,6,2025-06-27,Tyre Replacement,15663,2027-02-08
420,3,2026-05-02,Battery Replacement,31509,2027-01-25
421,2,2025-01-16,Engine Service,11332,2026-05-26
422,5,2025-12-11,Oil Change,12669,2026-10-27
423,13,2025-12-15,Engine Service,19968,2026-06-08
424,4,2025-07-27,Oil Change,25067,2027-05-09
425,4,2024-10-28,Oil Change,40926,2027-05-18
426,8,2026-01-29,Tyre Replacement,29229,2026-12-05
427,12,2025-12-21,Oil Change,26573,2027-01-24
428,15,2026-01-26,Tyre Replacement,10860,2027-05-21
429,13,2025-11-22,General Service,11823,2026-06-08
430,3,2024-09-29,Brake Repair,2510,2027-01-09
431,11,2025-11-16,Battery Replacement,11574,2026-07-02
432,8,2026-01-25,Tyre Replacement,20114,2027-05-06
433,6,2024-06-04,Brake Repair,40621,2026-09-25
434,14,2026-03-18,Brake Repair,2230,2026-05-25
435,5,2024-10-30,Tyre Replacement,7845,2027-01-04
436,5,2025-06-11,General Service,39888,2026-07-06
437,1,2025-02-08,Tyre Replacement,34525,2026-10-07
438,6,2025-02-18,Oil Change,4462,2026-12-31
439,1,2025-02-06,General Service,36706,2026-06-04
440,3,2024-07-17,General Service,3728,2026-11-04
441,11,2024-09-14,General Service,6113,2026-09-19
442,4,2026-02-27,Engine Service,30264,2027-05-19
443,5,2025-12-30,Brake Repair,43421,2026-12-21
444,13,2026-02-12,General Service,29058,2027-01-09
445,3,2024-05-24,Battery Replacement,7099,2027-03-13
446,13,2025-12-09,Oil Change,42430,2026-09-13
447,1,2024-10-13,General Service,40501,2026-11-01
448,11,2025-07-02,Battery Replacement,33902,2027-01-23
449,2,2025-12-26,General Service,28831,2026-11-13
450,13,2026-04-21,Tyre Replacement,4731,2026-09-29
451,13,2024-07-26,Engine Service,26426,2027-05-10
452,1,2024-08-26,General Service,3430,2027-03-05
453,7,2025-11-19,Tyre Replacement,32209,2026-07-09
454,14,2025-09-09,Brake Repair,38125,2026-08-26
455,1,2025-02-28,Oil Change,17033,2026-12-08
456,2,2025-08-10,Tyre Replacement,2756,2026-07-16
457,15,2025-03-20,Battery Replacement,30564,2027-01-15
458,15,2025-11-28,Oil Change,22711,2027-01-19
459,6,2024-10-10,General Service,42238,2026-07-17
460,6,2025-12-01,Tyre Replacement,43292,2026-12-24
461,9,2025-03-24,Oil Change,43031,2026-09-05
462,9,2024-08-06,General Service,8487,2027-04-29
463,9,2025-12-04,Engine Service,33426,2027-03-27
464,10,2025-09-19,Tyre Replacement,35235,2026-08-27
465,5,2025-08-03,Engine Service,35125,2026-10-11
466,8,2024-10-11,Engine Service,36245,2026-08-01
467,14,2024-10-24,Brake Repair,13373,2027-01-19
468,13,2026-05-21,Brake Repair,8187,2027-01-18
469,10,2024-12-08,Oil Change,40150,2027-01-27
470,13,2025-02-23,Oil Change,31173,2026-11-03
471,14,2026-03-26,Oil Change,41915,2026-09-28
472,14,2025-08-20,Oil Change,18172,2027-02-11
473,4,2024-08-17,General Service,20921,2026-11-10
474,9,2024-07-07,General Service,9415,2027-02-23
475,14,2025-12-30,Tyre Replacement,14448,2026-12-18
476,2,2025-02-24,Tyre Replacement,36256,2026-12-22
477,1,2025-05-15,Oil Change,43612,2026-08-25
478,1,2026-01-02,Battery Replacement,23496,2026-12-20
479,13,2024-11-04,Tyre Replacement,4078,2026-11-09
480,8,2025-08-17,Tyre Replacement,31002,2026-06-07
481,7,2024-09-08,Tyre Replacement,36389,2026-06-17
482,6,2025-03-01,Battery Replacement,14454,2027-03-15
483,7,2025-04-17,Tyre Replacement,9943,2026-10-10
484,14,2025-08-12,Tyre Replacement,26958,2027-02-26
485,6,2024-09-12,Engine Service,5499,2027-05-20
486,2,2024-11-30,Oil Change,44169,2026-09-01
487,2,2026-02-01,Oil Change,11089,2027-04-13
488,4,2026-04-12,Engine Service,21291,2026-11-11
489,2,2025-06-11,Battery Replacement,40400,2026-06-27
490,12,2025-10-02,General Service,32070,2026-11-15
491,2,2024-06-22,General Service,38426,2026-08-29
492,12,2025-10-04,Brake Repair,39774,2027-04-26
493,11,2026-02-05,Tyre Replacement,35943,2027-05-11
494,6,2025-05-06,Battery Replacement,18107,2027-02-05
495,10,2025-02-06,Tyre Replacement,38709,2027-02-23
496,11,2024-08-18,General Service,37792,2026-08-07
497,11,2026-03-18,General Service,24384,2027-04-27
498,8,2026-04-20,Battery Replacement,8979,2026-12-21
499,1,2024-05-25,General Service,32137,2026-06-10
500,12,2025-06-06,Brake Repair,10225,2026-06-04
501,15,2024-08-22,Brake Repair,28976,2026-08-14
502,2,2026-03-06,Brake Repair,6720,2027-03-19
503,6,2024-10-10,Oil Change,36340,2026-08-31
504,7,2025-02-04,Brake Repair,44044,2026-07-22
505,12,2025-11-20,Brake Repair,4350,2026-08-30
506,15,2025-07-11,Battery Replacement,25835,2026-10-18
507,7,2024-08-28,Oil Change,29134,2027-05-15
508,8,2024-10-29,Engine Service,9478,2026-11-11
509,10,2026-04-08,Brake Repair,10329,2027-05-20
510,13,2024-06-13,Oil Change,25566,2027-03-26
511,11,2026-03-13,Brake Repair,33533,2026-08-30
512,9,2024-11-24,Tyre Replacement,31886,2026-11-21
513,10,2026-01-13,Tyre Replacement,23166,2026-08-04
514,6,2025-07-29,Battery Replacement,3576,2027-05-19
515,8,2025-11-09,Battery Replacement,3918,2026-10-20
516,11,2025-02-16,Battery Replacement,35174,2026-08-26
517,1,2026-01-19,Battery Replacement,4089,2027-03-28
518,1,2024-05-21,Battery Replacement,23299,2026-10-18
519,2,2025-06-24,Battery Replacement,22823,2026-08-17
520,6,2024-08-06,General Service,16658,2026-09-05
521,5,2026-03-17,General Service,25104,2026-07-09
522,3,2025-04-27,Brake Repair,36439,2026-11-22
523,1,2025-07-17,Engine Service,26623,2027-05-11
524,3,2025-07-19,Tyre Replacement,31226,2027-03-03
525,11,2024-06-05,General Service,16420,2026-09-15
526,13,2025-05-30,Oil Change,42152,2026-07-24
527,10,2024-08-09,Oil Change,12800,2026-07-30
528,2,2024-12-23,Oil Change,3424,2027-01-05
529,2,2025-06-26,Battery Replacement,34553,2026-10-22
530,9,2024-11-29,Engine Service,26573,2026-10-02
531,7,2025-02-16,Tyre Replacement,7439,2026-11-15
532,1,2025-08-10,General Service,28200,2026-11-13
533,7,2024-05-22,Tyre Replacement,15907,2026-09-12
534,5,2025-08-27,Engine Service,17700,2027-02-16
535,11,2024-12-27,Engine Service,14503,2026-09-25
536,2,2024-09-16,Engine Service,37772,2026-08-18
537,14,2025-09-05,Brake Repair,26994,2026-08-19
538,11,2026-05-09,Battery Replacement,14376,2027-03-01
539,4,2024-08-24,Oil Change,43323,2026-07-18
540,10,2024-10-04,Oil Change,39478,2026-10-24
541,7,2025-02-28,Engine Service,25506,2026-12-19
542,3,2025-11-25,Brake Repair,38468,2026-12-30
543,10,2025-03-14,Engine Service,15534,2026-07-19
544,14,2024-11-22,Engine Service,6649,2026-07-17
545,9,2024-11-11,General Service,25869,2027-02-07
546,3,2025-10-06,Oil Change,25968,2027-05-04
547,11,2025-05-26,Tyre Replacement,36569,2026-06-20
548,8,2026-04-07,Brake Repair,21913,2026-12-20
549,13,2025-07-25,Battery Replacement,17978,2026-07-19
550,11,2026-03-01,Oil Change,24258,2026-07-25
551,15,2026-02-12,Battery Replacement,4577,2026-08-30
552,13,2026-02-24,Battery Replacement,5670,2026-12-23
553,8,2024-12-12,General Service,36262,2026-10-22
554,8,2026-03-18,Oil Change,2816,2027-04-17
555,10,2024-09-19,Brake Repair,18753,2026-06-19
556,13,2026-03-07,Brake Repair,28048,2027-05-13
557,6,2025-08-09,Battery Replacement,27227,2026-10-08
558,4,2024-12-01,Engine Service,25706,2026-10-26
559,8,2025-12-16,General Service,29012,2026-06-29
560,13,2025-12-24,Brake Repair,24639,2026-07-08
561,11,2025-07-03,Engine Service,21725,2026-07-23
562,13,2025-01-09,Tyre Replacement,18842,2026-08-26
563,9,2024-12-28,Tyre Replacement,43821,2026-12-24
564,3,2025-03-09,Oil Change,17039,2026-07-11
565,6,2026-01-27,Oil Change,5136,2026-07-19
566,6,2024-08-07,Oil Change,43166,2027-01-16
567,6,2025-10-25,Brake Repair,44466,2026-06-05
568,4,2025-05-24,Battery Replacement,30454,2026-12-21
569,10,2026-01-13,Brake Repair,31430,2026-11-09
570,10,2024-12-10,Tyre Replacement,6281,2026-06-05
571,7,2025-11-12,Oil Change,13745,2026-09-02
572,10,2025-12-12,General Service,40890,2027-03-20
573,7,2025-10-28,Engine Service,12449,2026-07-07
574,4,2024-11-28,Brake Repair,28776,2027-03-03
575,6,2025-10-19,Tyre Replacement,16899,2026-09-12
576,4,2024-11-21,Battery Replacement,44523,2026-07-26
577,2,2025-08-09,Oil Change,34110,2027-04-25
578,13,2025-02-13,Tyre Replacement,15801,2026-11-16
579,2,2025-02-24,General Service,3306,2027-04-27
580,14,2025-05-12,General Service,32263,2026-11-27
581,8,2025-02-09,Oil Change,22390,2026-11-29
582,12,2025-08-20,General Service,35073,2026-07-11
583,10,2026-01-18,Engine Service,11676,2026-09-04
584,1,2025-12-02,Tyre Replacement,27981,2027-03-04
585,5,2024-08-01,Battery Replacement,42180,2026-06-03
586,5,2026-04-14,Oil Change,26682,2027-05-01
587,7,2024-09-09,Brake Repair,39550,2026-10-18
588,4,2026-05-07,Battery Replacement,28447,2027-02-18
589,6,2024-12-29,Battery Replacement,4675,2026-12-28
590,2,2024-07-20,Battery Replacement,33399,2027-01-03
591,9,2024-07-04,Brake Repair,10727,2026-07-19
592,7,2025-10-27,Oil Change,11019,2026-12-13
593,12,2025-02-22,Oil Change,32854,2026-06-28
594,13,2025-02-22,Battery Replacement,23613,2026-09-23
595,14,2025-10-25,Oil Change,34618,2027-02-09
596,12,2026-05-08,General Service,10370,2027-03-24
597,8,2026-04-08,Battery Replacement,22310,2026-06-18
598,4,2025-02-21,Engine Service,39117,2027-05-06
599,2,2025-10-26,Brake Repair,12927,2027-02-15
600,8,2025-10-30,Engine Service,27285,2026-09-13
601,10,2025-10-17,Tyre Replacement,14769,2027-01-31
602,9,2024-11-07,Oil Change,17448,2026-08-24
603,2,2025-05-07,General Service,3820,2027-03-09
604,14,2025-11-11,Tyre Replacement,28222,2026-08-26
605,15,2025-04-18,Battery Replacement,5773,2027-04-18
606,6,2025-01-17,Tyre Replacement,23575,2026-12-17
607,14,2025-01-20,Brake Repair,36194,2026-08-20
608,8,2025-05-22,Battery Replacement,21746,2027-02-24
609,12,2025-04-05,Tyre Replacement,20169,2027-01-02
610,1,2025-10-23,Battery Replacement,10970,2026-11-23
611,4,2025-10-09,Oil Change,13561,2027-05-06
612,9,2026-04-17,Tyre Replacement,11401,2026-10-06
613,10,2025-08-29,Brake Repair,18370,2026-07-13
614,8,2024-10-09,Oil Change,6446,2026-06-20
615,8,2025-04-24,Brake Repair,11909,2026-11-22
616,4,2025-11-08,Engine Service,27840,2026-12-28
617,10,2024-09-14,Oil Change,8574,2027-04-22
618,11,2024-05-30,Oil Change,27604,2027-03-21
619,8,2025-04-05,Brake Repair,12928,2027-01-16
620,7,2025-03-30,Battery Replacement,17157,2026-12-24
621,1,2025-02-10,Battery Replacement,14780,2027-01-30
622,4,2024-07-10,Brake Repair,28144,2026-07-15
623,4,2025-10-22,Engine Service,11530,2026-08-16
624,11,2025-01-23,Battery Replacement,37418,2026-09-03
625,14,2025-02-28,Brake Repair,40789,2027-04-21
626,11,2024-09-19,General Service,3390,2026-10-16
627,12,2025-11-19,Engine Service,5797,2026-08-09
628,15,2025-09-11,Oil Change,7861,2027-02-11
629,3,2026-01-30,Tyre Replacement,14045,2026-10-18
630,10,2026-01-20,Brake Repair,29422,2026-08-12
631,10,2025-01-25,Engine Service,36301,2026-08-15
632,8,2024-09-07,Oil Change,20476,2026-10-04
633,11,2026-03-05,Tyre Replacement,33884,2026-12-31
634,11,2024-09-05,Brake Repair,22891,2026-12-03
635,12,2025-05-24,Engine Service,27077,2026-10-19
636,13,2024-08-07,Battery Replacement,3184,2027-03-10
637,5,2026-03-20,Brake Repair,35797,2026-06-29
638,3,2025-07-28,Tyre Replacement,23933,2026-11-21
639,7,2025-02-13,General Service,36808,2027-05-13
640,3,2025-12-15,Engine Service,41880,2026-08-02
641,11,2025-10-26,Engine Service,23558,2026-08-06
642,15,2024-05-30,Battery Replacement,4300,2026-07-31
643,7,2024-07-13,Engine Service,24609,2027-03-09
644,12,2025-05-13,Engine Service,5111,2027-03-21
645,10,2025-04-03,Tyre Replacement,3089,2027-01-23
646,2,2026-04-21,Tyre Replacement,29072,2026-12-08
647,11,2026-01-22,General Service,42912,2027-03-10
648,14,2025-12-22,Battery Replacement,25082,2026-11-09
649,2,2024-07-09,General Service,20419,2027-02-19
650,11,2024-12-17,Brake Repair,20246,2026-08-08
651,6,2024-07-30,Tyre Replacement,5811,2027-02-01
652,7,2025-05-08,Engine Service,35648,2026-11-17
653,13,2026-02-15,Battery Replacement,16357,2026-10-27
654,9,2025-07-20,Brake Repair,15490,2027-05-21
655,7,2025-01-14,Tyre Replacement,13966,2026-07-14
656,14,2024-10-24,General Service,9383,2026-07-20
657,1,2024-09-03,General Service,22939,2027-04-28
658,6,2025-10-20,Engine Service,11160,2026-09-17
659,7,2025-11-12,Oil Change,31485,2027-01-16
660,10,2026-03-25,Tyre Replacement,14178,2026-10-26
661,2,2025-03-18,Tyre Replacement,7151,2026-08-08
662,2,2024-09-07,Tyre Replacement,28271,2027-05-15
663,15,2026-05-10,Tyre Replacement,3032,2026-12-28
664,5,2025-01-30,Battery Replacement,14216,2026-11-23
665,5,2025-06-12,Engine Service,42565,2026-10-12
666,10,2026-05-01,Engine Service,35257,2026-07-13
667,4,2025-09-20,Oil Change,44724,2027-02-14
668,3,2024-11-22,Brake Repair,16183,2027-02-19
669,1,2024-05-27,Tyre Replacement,24796,2026-12-30
670,2,2025-07-07,Brake Repair,2549,2026-12-27
671,2,2025-02-23,Brake Repair,34473,2026-06-02
672,9,2024-12-14,Tyre Replacement,21625,2027-01-09
673,8,2024-11-03,Engine Service,4134,2027-01-08
674,12,2025-08-28,Oil Change,43451,2026-10-20
675,8,2024-10-31,Oil Change,42616,2027-02-28
676,5,2025-08-14,Battery Replacement,15835,2027-04-12
677,1,2025-04-17,Brake Repair,36766,2027-01-16
678,10,2024-10-01,Brake Repair,17728,2026-07-11
679,8,2025-11-17,Brake Repair,37355,2027-02-21
680,10,2025-01-14,Brake Repair,29852,2026-08-01
681,10,2026-01-27,Brake Repair,26710,2026-10-27
682,11,2025-03-10,Tyre Replacement,44288,2027-01-10
683,12,2025-07-29,General Service,42253,2026-06-15
684,8,2025-10-19,Brake Repair,26468,2027-05-13
685,8,2025-03-02,Tyre Replacement,2388,2026-08-26
686,11,2025-03-20,General Service,24380,2026-06-27
687,1,2025-11-21,Tyre Replacement,3181,2027-04-24
688,15,2026-04-30,Brake Repair,32230,2026-07-10
689,14,2024-11-09,Engine Service,34608,2026-11-08
690,15,2025-10-20,Tyre Replacement,32272,2027-01-29
691,3,2024-08-16,Engine Service,15214,2026-10-01
692,8,2025-05-20,Tyre Replacement,27843,2026-06-29
693,9,2026-05-21,Oil Change,30285,2026-09-10
694,8,2025-09-19,Oil Change,25801,2027-04-11
695,8,2024-08-10,Brake Repair,32276,2027-01-26
696,3,2024-06-09,Battery Replacement,28457,2027-03-18
697,8,2024-10-25,Brake Repair,30364,2027-01-02
698,7,2025-10-07,Battery Replacement,13392,2026-08-24
699,11,2025-03-29,Oil Change,17992,2026-06-26
700,10,2025-09-22,Oil Change,38972,2026-11-21
701,3,2024-05-21,Oil Change,14226,2026-10-11
702,2,2025-08-25,Tyre Replacement,10105,2026-06-11
703,6,2024-08-08,Battery Replacement,25965,2026-07-22
704,4,2025-12-04,Brake Repair,5913,2026-12-26
705,7,2026-03-28,General Service,7937,2026-09-28
706,14,2025-03-22,Battery Replacement,26227,2026-06-07
707,2,2025-03-23,Battery Replacement,43756,2027-04-16
708,14,2026-04-27,Tyre Replacement,32668,2027-04-12
709,10,2024-08-25,General Service,37431,2027-04-02
710,6,2024-12-06,Brake Repair,44264,2026-11-08
711,7,2024-09-20,General Service,19267,2026-10-17
712,11,2024-10-05,General Service,18880,2026-11-09
713,7,2026-05-14,Tyre Replacement,22442,2027-01-28
714,10,2025-05-27,Oil Change,8810,2026-06-04
715,15,2025-05-09,General Service,32024,2026-07-19
716,2,2024-11-24,Brake Repair,44632,2026-06-21
717,15,2024-07-02,Battery Replacement,24236,2026-06-05
718,7,2024-11-28,Tyre Replacement,44468,2027-03-05
719,1,2025-03-04,Battery Replacement,16095,2026-07-24
720,7,2026-01-16,Oil Change,36710,2026-12-03
721,5,2024-07-05,Brake Repair,7615,2027-05-05
722,7,2025-11-18,Brake Repair,20042,2026-10-06
723,2,2025-09-02,Oil Change,10985,2027-05-19
724,8,2025-05-29,Oil Change,24660,2026-06-19
725,2,2024-10-16,Engine Service,25477,2027-01-08
726,8,2025-10-13,Tyre Replacement,25449,2026-09-15
727,3,2026-05-21,Brake Repair,3939,2027-03-14
728,1,2025-04-07,Tyre Replacement,32029,2026-08-16
729,14,2025-02-22,Tyre Replacement,5779,2026-12-29
730,13,2024-08-16,Brake Repair,4237,2026-08-29
731,7,2025-08-16,General Service,9347,2027-02-23
732,10,2025-06-07,Brake Repair,25953,2026-12-11
733,10,2024-11-03,Oil Change,37262,2027-04-01
734,2,2024-11-24,Battery Replacement,4688,2026-10-15
735,2,2024-11-26,Oil Change,34571,2026-08-09
736,13,2025-02-15,Battery Replacement,25133,2026-10-09
737,1,2024-09-08,Tyre Replacement,42364,2026-10-17
738,3,2025-01-08,Oil Change,15637,2026-06-20
739,2,2025-11-27,Tyre Replacement,31887,2026-12-01
740,4,2024-06-27,Brake Repair,10488,2026-10-18
741,14,2026-02-07,Oil Change,40881,2027-02-12
742,4,2025-07-29,Battery Replacement,29055,2026-09-01
743,2,2025-05-29,Tyre Replacement,34993,2026-12-22
744,10,2025-02-22,Tyre Replacement,22813,2027-02-25
745,2,2025-05-03,Engine Service,23630,2026-10-20
746,7,2026-02-05,Engine Service,37214,2027-02-14
747,5,2024-07-26,Battery Replacement,22732,2026-12-18
748,13,2025-08-28,Oil Change,20418,2027-03-21
749,7,2025-07-07,Engine Service,22245,2027-04-22
750,3,2026-03-25,Brake Repair,31630,2026-05-24
751,11,2024-12-13,General Service,2763,2026-08-27
752,12,2025-02-16,Engine Service,13208,2026-11-12
753,6,2024-10-19,Tyre Replacement,25566,2027-01-27
754,14,2024-06-29,Battery Replacement,30943,2027-03-26
755,3,2026-02-12,Brake Repair,18169,2027-05-10
756,6,2025-03-12,Tyre Replacement,9600,2027-03-28
757,4,2025-06-20,Oil Change,6960,2026-09-16
758,13,2025-07-03,Battery Replacement,21059,2026-08-12
759,14,2025-11-11,Brake Repair,44128,2027-02-14
760,10,2025-06-16,Engine Service,23571,2027-04-12
761,5,2025-05-16,Tyre Replacement,15401,2026-06-30
762,9,2024-12-25,Engine Service,7870,2027-04-29
763,11,2025-10-29,Brake Repair,15469,2026-10-29
764,7,2025-02-11,General Service,27366,2027-03-30
765,7,2025-09-15,Engine Service,22799,2026-06-14
766,6,2025-08-26,Brake Repair,13397,2026-06-04
767,15,2024-08-07,Tyre Replacement,23466,2027-05-10
768,4,2025-07-28,Battery Replacement,8575,2026-08-02
769,15,2024-08-02,Brake Repair,33605,2027-03-22
770,13,2024-12-04,Brake Repair,16455,2027-04-15
771,13,2025-04-25,Brake Repair,43677,2026-06-14
772,13,2024-11-06,Oil Change,42092,2026-10-30
773,13,2026-05-08,Tyre Replacement,18937,2026-09-24
774,14,2025-10-05,Engine Service,26615,2026-06-17
775,4,2024-06-16,Oil Change,37420,2027-04-05
776,9,2026-03-16,General Service,33705,2026-10-28
777,7,2024-11-08,Tyre Replacement,4461,2027-04-22
778,6,2025-05-30,Tyre Replacement,13667,2027-01-22
779,3,2024-08-31,Tyre Replacement,6452,2026-09-27
780,8,2025-01-01,Battery Replacement,18782,2027-04-19
781,6,2024-12-13,General Service,32033,2026-07-28
782,5,2025-10-17,General Service,29547,2026-07-26
783,3,2026-04-28,General Service,8355,2026-06-28
784,1,2025-05-17,Battery Replacement,8688,2026-10-03
785,1,2025-01-20,Battery Replacement,4415,2027-02-09
786,1,2025-10-21,Battery Replacement,15880,2026-06-17
787,14,2024-09-24,Brake Repair,4889,2026-05-22
788,14,2026-04-13,Oil Change,32740,2026-09-25
789,15,2025-09-08,Battery Replacement,7368,2026-06-26
790,14,2025-06-09,Oil Change,10024,2026-08-11
791,8,2024-09-18,Engine Service,30957,2026-12-19
792,9,2025-11-09,Engine Service,41592,2026-12-12
793,5,2026-01-26,General Service,34931,2026-06-10
794,2,2026-04-16,Tyre Replacement,25236,2026-11-01
795,13,2025-11-11,Tyre Replacement,28159,2026-11-02
796,3,2024-10-05,Tyre Replacement,37302,2027-02-25
797,8,2024-08-28,General Service,11184,2027-05-18
798,9,2025-12-23,General Service,35146,2027-04-26
799,4,2026-01-29,Engine Service,40944,2026-09-13
800,9,2026-01-05,Battery Replacement,42212,2026-09-17
801,3,2026-05-01,Oil Change,3322,2026-06-27
802,9,2024-12-30,Battery Replacement,10736,2027-05-09
803,13,2024-06-29,Battery Replacement,40259,2027-04-02
804,9,2025-05-29,Oil Change,5078,2026-10-09
805,4,2024-05-27,General Service,2334,2027-04-26
806,7,2025-10-15,Tyre Replacement,39848,2027-03-05
807,13,2025-02-10,Battery Replacement,22639,2027-03-26
808,10,2026-03-20,Tyre Replacement,32397,2026-07-28
809,10,2024-05-30,Tyre Replacement,12341,2026-08-09
810,15,2024-06-05,Tyre Replacement,25465,2027-03-13
811,1,2024-07-10,Brake Repair,9355,2026-12-10
812,11,2025-11-21,Oil Change,2702,2026-09-21
813,13,2024-06-01,Engine Service,36409,2026-08-27
814,12,2024-06-06,Tyre Replacement,27641,2027-01-06
815,2,2024-09-18,Oil Change,2833,2027-04-24
816,6,2025-12-24,Brake Repair,24994,2026-06-05
817,15,2024-07-16,Oil Change,42491,2026-09-25
818,12,2026-03-29,Brake Repair,29140,2027-01-03
819,7,2025-08-12,Oil Change,40370,2026-11-28
820,3,2024-11-14,General Service,14264,2026-10-27
821,5,2024-09-19,Battery Replacement,9733,2027-04-05
822,7,2024-12-28,Brake Repair,9322,2026-11-10
823,9,2025-03-12,Battery Replacement,8080,2026-11-28
824,7,2025-08-21,Tyre Replacement,15634,2026-10-08
825,9,2024-07-16,General Service,42916,2027-01-19
826,2,2024-11-26,Oil Change,28843,2026-09-13
827,6,2024-06-06,Tyre Replacement,39738,2027-03-06
828,14,2024-07-18,Tyre Replacement,16302,2026-06-11
829,1,2024-08-10,Oil Change,37478,2026-08-28
830,2,2024-11-12,Oil Change,27274,2027-03-11
831,9,2024-10-07,Engine Service,9737,2027-04-07
832,13,2025-11-09,Battery Replacement,43350,2026-09-25
833,4,2025-09-27,General Service,41123,2026-07-26
834,3,2024-08-14,General Service,23163,2026-09-03
835,10,2025-02-14,Battery Replacement,31633,2026-08-15
836,14,2024-12-15,Oil Change,7745,2026-10-12
837,1,2025-11-23,Battery Replacement,41416,2026-08-05
838,8,2025-07-17,General Service,8592,2026-06-27
839,13,2025-05-10,Brake Repair,8214,2026-08-12
840,2,2024-11-29,Brake Repair,15232,2026-12-04
841,1,2025-03-18,General Service,35614,2027-02-06
842,10,2025-05-14,Engine Service,39592,2026-07-19
843,7,2026-05-17,Oil Change,16700,2026-07-11
844,8,2025-05-03,Oil Change,29455,2027-02-18
845,8,2025-07-05,Tyre Replacement,35570,2027-04-26
846,13,2024-11-11,Tyre Replacement,31958,2026-06-09
847,14,2025-04-27,Oil Change,10730,2027-03-03
848,6,2025-11-04,Battery Replacement,41252,2026-10-15
849,11,2025-01-06,Brake Repair,32516,2027-01-26
850,8,2025-12-22,Oil Change,8253,2027-01-24
851,13,2025-01-16,General Service,22732,2027-04-14
852,5,2025-10-20,Oil Change,12405,2027-01-20
853,6,2025-10-12,Tyre Replacement,14260,2026-08-02
854,1,2025-10-08,Oil Change,16159,2027-05-16
855,7,2024-07-15,Battery Replacement,35654,2027-01-15
856,7,2026-02-21,Battery Replacement,31027,2026-06-26
857,10,2025-04-20,Battery Replacement,6966,2026-12-10
858,6,2025-10-26,Brake Repair,21158,2027-04-04
859,8,2025-12-26,General Service,42952,2027-04-30
860,12,2025-10-25,Brake Repair,43937,2027-02-04
861,10,2026-03-13,General Service,30616,2026-11-15
862,8,2024-10-23,Tyre Replacement,36787,2026-08-16
863,14,2026-02-15,Battery Replacement,29177,2026-08-07
864,12,2025-05-02,Oil Change,5578,2027-01-06
865,10,2026-03-22,General Service,14691,2026-10-22
866,15,2025-07-26,General Service,20381,2026-08-17
867,11,2026-04-07,Brake Repair,38465,2026-08-30
868,9,2026-04-08,Brake Repair,31182,2026-09-20
869,5,2026-04-27,Oil Change,3349,2027-01-22
870,7,2025-12-02,Oil Change,29181,2026-06-09
871,2,2024-06-09,Engine Service,17598,2026-12-18
872,5,2024-12-14,Oil Change,36249,2026-09-10
873,7,2024-06-25,Battery Replacement,22104,2027-03-24
874,4,2025-04-02,Battery Replacement,3438,2027-05-14
875,8,2024-09-01,Brake Repair,24155,2027-05-16
876,9,2024-09-06,Oil Change,36139,2026-09-26
877,12,2025-05-18,Battery Replacement,5630,2027-03-27
878,7,2024-09-22,Brake Repair,37259,2026-11-28
879,10,2024-11-18,Oil Change,4927,2027-03-24
880,14,2025-10-13,General Service,10998,2027-01-15
881,6,2025-03-25,Oil Change,2111,2026-10-09
882,6,2025-04-22,Brake Repair,12832,2027-01-04
883,6,2024-10-05,Brake Repair,18737,2027-03-22
884,3,2024-11-26,Brake Repair,2049,2027-01-02
885,9,2025-06-15,Brake Repair,16196,2026-09-18
886,2,2025-02-01,Brake Repair,28826,2027-04-20
887,14,2025-03-14,Engine Service,27431,2027-01-25
888,6,2025-06-04,Battery Replacement,39158,2026-08-23
889,11,2025-10-04,General Service,26616,2027-05-08
890,8,2024-09-11,Oil Change,6433,2026-11-12
891,4,2026-02-18,Engine Service,29122,2026-12-17
892,5,2024-09-06,General Service,31162,2026-11-10
893,15,2025-04-29,Battery Replacement,22471,2026-10-31
894,4,2026-01-20,Battery Replacement,7003,2027-04-04
895,8,2025-01-16,Brake Repair,42183,2026-12-15
896,5,2024-08-30,Tyre Replacement,11107,2026-11-27
897,3,2025-02-04,Brake Repair,39629,2027-04-22
898,8,2026-02-22,Engine Service,22522,2026-10-26
899,5,2024-06-14,Engine Service,15105,2026-09-13
900,4,2025-01-18,Oil Change,39761,2027-02-15
901,7,2025-01-10,Battery Replacement,14381,2026-06-29
902,4,2024-10-06,Brake Repair,2906,2026-06-20
903,9,2024-08-01,Battery Replacement,35114,2027-03-14
904,15,2025-01-20,Oil Change,25083,2026-09-19
905,8,2024-07-20,Tyre Replacement,41009,2026-07-22
906,5,2024-12-02,Oil Change,43137,2026-12-17
907,15,2025-11-28,Brake Repair,7740,2027-02-14
908,14,2024-07-29,Tyre Replacement,16152,2026-11-25
909,11,2025-12-08,Oil Change,11169,2027-03-20
910,13,2025-10-27,General Service,21189,2027-03-16
911,7,2025-02-24,Oil Change,26352,2027-03-18
912,10,2025-12-03,Tyre Replacement,44902,2026-08-20
913,14,2025-02-17,Oil Change,16269,2027-05-01
914,1,2026-03-11,Engine Service,43342,2026-06-21
915,13,2024-09-22,Brake Repair,2614,2026-08-13
916,11,2024-05-23,Engine Service,4988,2026-08-27
917,12,2025-02-25,Battery Replacement,24767,2026-12-30
918,5,2024-11-10,Engine Service,34020,2027-05-07
919,8,2025-08-14,Brake Repair,9337,2026-12-19
920,1,2024-09-08,Engine Service,38598,2026-12-28
921,8,2024-09-06,Engine Service,29654,2027-04-10
922,9,2024-07-24,Tyre Replacement,25987,2027-04-20
923,14,2024-06-07,Tyre Replacement,36507,2027-01-27
924,7,2024-09-08,General Service,41515,2027-05-14
925,5,2025-01-19,General Service,22712,2026-07-23
926,15,2024-12-30,Oil Change,17141,2026-06-10
927,4,2025-12-08,Tyre Replacement,22595,2026-11-03
928,11,2025-07-09,General Service,27864,2026-11-19
929,7,2025-02-14,Tyre Replacement,12400,2026-10-25
930,1,2024-09-23,Tyre Replacement,41368,2026-10-11
931,2,2025-12-14,Battery Replacement,38237,2026-12-31
932,4,2026-05-11,Battery Replacement,8255,2027-03-27
933,1,2026-01-09,Tyre Replacement,2908,2026-10-14
934,2,2026-04-04,Tyre Replacement,20283,2026-09-04
935,1,2025-10-26,Battery Replacement,41603,2026-12-25
936,3,2024-09-02,Tyre Replacement,9453,2027-03-10
937,3,2025-11-06,Tyre Replacement,32390,2027-03-08
938,9,2026-02-20,Oil Change,27972,2026-10-02
939,10,2025-07-12,Oil Change,4731,2026-06-14
940,6,2025-10-02,Engine Service,9364,2026-06-15
941,1,2025-09-27,Battery Replacement,21607,2027-03-15
942,11,2025-04-22,Brake Repair,12615,2026-11-25
943,7,2025-04-13,Oil Change,8520,2027-01-13
944,7,2024-07-18,Brake Repair,21461,2027-02-25
945,1,2025-06-27,General Service,12035,2026-06-25
946,11,2024-09-03,Brake Repair,5228,2026-11-03
947,9,2025-09-04,Engine Service,12983,2027-05-05
948,4,2026-01-24,Engine Service,9646,2026-10-10
949,13,2025-08-05,Engine Service,18510,2027-04-18
950,6,2025-08-23,Battery Replacement,10732,2027-03-04
951,12,2026-01-27,Oil Change,16878,2026-06-13
952,8,2025-09-14,General Service,15297,2027-01-15
953,10,2025-08-23,General Service,34331,2027-03-07
954,4,2025-10-06,General Service,10576,2026-12-26
955,13,2025-05-04,Brake Repair,2373,2027-01-02
956,3,2025-08-13,Brake Repair,40723,2026-07-03
957,12,2024-06-28,Brake Repair,27801,2026-10-14
958,1,2026-02-19,Battery Replacement,25980,2026-09-29
959,14,2025-10-08,Battery Replacement,22903,2026-10-04
960,12,2026-04-24,Oil Change,40196,2027-02-15
961,12,2025-09-25,Oil Change,33424,2027-01-05
962,10,2025-06-20,Oil Change,25459,2027-03-12
963,12,2025-02-26,Brake Repair,42207,2027-01-31
964,12,2025-07-23,Tyre Replacement,10796,2027-01-02
965,10,2026-01-07,Battery Replacement,25143,2026-06-30
966,8,2026-01-26,Tyre Replacement,35860,2027-05-03
967,14,2025-01-27,General Service,25155,2026-07-02
968,5,2024-09-14,Oil Change,2970,2026-10-10
969,7,2024-09-19,Battery Replacement,12738,2026-11-19
970,1,2025-07-07,Tyre Replacement,36020,2027-01-27
971,12,2026-02-01,Engine Service,40563,2026-12-29
972,10,2025-02-10,Engine Service,41278,2026-05-24
973,12,2025-05-21,Battery Replacement,30117,2027-03-07
974,5,2026-02-01,General Service,33975,2026-09-20
975,1,2025-07-28,Brake Repair,4534,2026-07-29
976,10,2026-01-03,Tyre Replacement,3909,2026-05-25
977,12,2025-12-23,Oil Change,38288,2026-07-24
978,4,2025-07-18,Tyre Replacement,14901,2026-11-25
979,8,2025-08-29,Tyre Replacement,41943,2026-11-09
980,15,2025-02-21,Tyre Replacement,33910,2026-11-20
981,2,2025-05-21,Tyre Replacement,43339,2026-07-04
982,9,2025-12-31,Brake Repair,15823,2026-12-05
983,10,2025-02-19,Oil Change,42280,2027-03-01
984,3,2024-10-12,Tyre Replacement,7539,2026-06-23
985,14,2025-03-15,Engine Service,12831,2026-10-12
986,12,2025-08-21,Brake Repair,16353,2027-05-13
987,1,2024-12-03,Engine Service,31955,2026-11-19
988,3,2024-10-04,Brake Repair,32619,2026-09-12
989,2,2025-08-24,Tyre Replacement,18913,2027-05-08
990,8,2026-05-08,Battery Replacement,31251,2027-03-09
991,5,2025-03-12,Engine Service,24311,2026-06-09
992,9,2025-04-08,Tyre Replacement,10987,2026-09-11
993,1,2024-07-03,Engine Service,42814,2026-09-18
994,5,2025-02-18,Oil Change,36761,2027-05-15
995,1,2024-07-11,Brake Repair,13213,2027-03-07
996,7,2026-01-13,Oil Change,38549,2026-07-15
997,13,2025-08-10,General Service,24984,2026-09-11
998,4,2026-04-25,Engine Service,8567,2026-08-23
999,3,2025-05-18,Tyre Replacement,23013,2027-01-14
1000,11,2024-12-06,Oil Change,3440,2026-07-05
1001,11,2025-03-23,Oil Change,35891,2027-05-02
1002,6,2025-08-11,Tyre Replacement,41491,2026-10-08
1003,4,2024-09-14,Engine Service,34589,2026-06-07
1004,6,2024-07-03,General Service,7605,2027-05-18
1005,7,2026-04-13,General Service,12057,2027-02-27
1006,6,2026-04-19,Oil Change,10194,2027-04-12
1007,1,2026-01-12,Engine Service,35665,2027-02-23
1008,13,2025-07-19,Tyre Replacement,35564,2027-04-27
1009,7,2026-01-03,General Service,27040,2026-07-14
1010,12,2025-07-30,Brake Repair,5833,2026-11-30
1011,14,2025-01-07,Tyre Replacement,11957,2026-12-06
1012,1,2025-10-28,Tyre Replacement,33961,2026-09-22
1013,11,2026-03-30,Engine Service,24913,2027-03-11
1014,1,2025-04-20,Brake Repair,35510,2026-09-12
1015,5,2025-06-09,Brake Repair,13560,2027-05-06
1016,6,2025-04-21,Brake Repair,11552,2026-08-15
1017,1,2025-06-16,General Service,38504,2027-02-10
1018,1,2026-05-21,Engine Service,34491,2027-01-17
1019,6,2026-05-05,Oil Change,24622,2027-01-18
1020,1,2025-07-01,Engine Service,33883,2027-05-10
1021,3,2026-04-23,Oil Change,35832,2027-03-09
1022,7,2025-07-19,Oil Change,40804,2026-10-28
1023,5,2024-07-29,Oil Change,4733,2027-01-05
1024,14,2025-10-11,General Service,42921,2026-09-24
1025,8,2024-11-09,Engine Service,44319,2027-01-16
1026,5,2026-04-09,Tyre Replacement,32560,2026-12-01
1027,2,2026-03-21,Battery Replacement,35522,2026-11-09
1028,11,2025-05-02,Engine Service,7608,2026-10-08
1029,14,2025-04-24,Battery Replacement,8056,2026-06-06
1030,3,2026-02-21,Brake Repair,2524,2026-09-26
1031,10,2025-10-28,Battery Replacement,23550,2026-07-29
1032,1,2026-04-05,Tyre Replacement,20438,2026-10-19
1033,5,2024-12-19,General Service,24794,2026-09-23
1034,15,2026-03-12,Oil Change,40499,2027-03-02
1035,15,2025-03-22,Battery Replacement,13070,2026-08-01
1036,1,2025-04-02,Engine Service,31305,2026-10-03
1037,15,2026-01-14,Engine Service,10773,2026-07-31
1038,15,2024-07-29,Battery Replacement,36234,2027-04-17
1039,10,2026-05-15,Battery Replacement,25028,2027-01-03
1040,1,2025-03-02,Brake Repair,29080,2027-05-13
1041,12,2026-05-15,Tyre Replacement,16691,2026-10-30
1042,9,2024-05-24,General Service,26278,2026-08-21
1043,11,2025-05-04,Battery Replacement,34300,2026-05-25
1044,7,2026-01-05,Oil Change,35578,2026-10-15
1045,4,2024-12-06,Brake Repair,37727,2027-01-17
1046,5,2026-01-21,Oil Change,24810,2026-08-04
1047,14,2025-01-08,Tyre Replacement,30842,2026-08-18
1048,1,2025-05-15,Oil Change,37958,2026-09-19
1049,12,2026-01-04,Battery Replacement,2292,2027-04-09
1050,3,2024-08-06,Tyre Replacement,4202,2026-12-13
1051,8,2026-02-03,Oil Change,10810,2026-05-31
1052,13,2024-10-19,Engine Service,30652,2027-03-25
1053,4,2024-06-23,Engine Service,6842,2026-06-15
1054,15,2025-01-23,Battery Replacement,38456,2026-09-21
1055,10,2025-03-23,Oil Change,10414,2027-05-01
1056,15,2025-04-23,Oil Change,5156,2027-05-12
1057,14,2024-12-05,Engine Service,14936,2027-01-03
1058,9,2024-08-27,Engine Service,40253,2027-04-11
1059,4,2025-05-26,Brake Repair,39004,2027-03-23
1060,9,2026-04-15,Engine Service,17523,2026-10-11
1061,6,2024-12-18,Brake Repair,37743,2027-03-12
1062,4,2025-07-16,Brake Repair,41135,2026-09-06
1063,14,2025-01-10,Oil Change,21159,2026-12-17
1064,15,2024-11-07,Tyre Replacement,38115,2026-08-31
1065,4,2026-04-28,Battery Replacement,37081,2026-11-24
1066,11,2026-02-18,Oil Change,30026,2027-03-04
1067,4,2025-09-25,Oil Change,34923,2026-12-11
1068,12,2024-08-12,Tyre Replacement,26344,2026-05-22
1069,8,2026-05-05,Brake Repair,21457,2026-05-27
1070,11,2024-08-13,Tyre Replacement,29792,2026-11-24
1071,7,2025-04-25,Engine Service,26410,2026-07-24
1072,8,2024-06-13,Engine Service,32237,2026-05-22
1073,8,2025-11-13,Oil Change,28606,2026-06-09
1074,4,2024-06-23,Battery Replacement,12117,2027-03-23
1075,4,2025-01-05,Battery Replacement,33107,2026-12-16
1076,1,2025-11-15,Brake Repair,28165,2027-04-26
1077,11,2026-02-12,General Service,2898,2026-08-08
1078,15,2026-02-01,Oil Change,9995,2027-03-04
1079,6,2025-10-08,Battery Replacement,41765,2027-02-24
1080,10,2026-04-14,Oil Change,41596,2027-01-20
1081,8,2025-01-22,General Service,15663,2026-09-15
1082,7,2024-09-06,Engine Service,32362,2026-06-03
1083,12,2026-05-20,Oil Change,20301,2026-09-04
1084,10,2024-10-10,General Service,25060,2026-08-02
1085,8,2025-10-24,Battery Replacement,21332,2026-08-14
1086,1,2025-07-30,Tyre Replacement,5280,2026-09-14
1087,5,2026-04-28,Battery Replacement,14519,2027-02-18
1088,4,2025-10-07,Engine Service,14210,2027-04-19
1089,6,2025-11-19,Oil Change,23341,2026-12-20
1090,5,2025-06-23,Battery Replacement,28187,2027-04-06
1091,13,2024-05-31,Brake Repair,27950,2026-11-09
1092,14,2025-07-13,Oil Change,29347,2027-02-24
1093,14,2025-09-22,Battery Replacement,21667,2026-10-20
1094,13,2024-07-09,Brake Repair,35717,2026-11-28
1095,14,2025-12-08,Battery Replacement,37163,2027-04-08
1096,4,2024-09-17,Oil Change,20291,2026-10-17
1097,14,2025-08-09,Battery Replacement,23691,2027-04-22
1098,15,2024-06-19,Engine Service,3297,2026-06-24
1099,5,2025-02-08,Oil Change,32198,2027-04-19
1100,13,2025-11-07,Tyre Replacement,7627,2026-06-29
1101,7,2025-02-06,Brake Repair,38100,2026-09-11
1102,6,2026-03-24,Brake Repair,32073,2027-03-21
1103,2,2025-11-04,Battery Replacement,44071,2027-05-11
1104,6,2024-11-02,Battery Replacement,44679,2026-12-26
1105,6,2024-06-27,Battery Replacement,33944,2026-06-02
1106,5,2024-10-02,Tyre Replacement,26789,2026-10-28
1107,10,2025-02-04,Brake Repair,21608,2026-09-29
1108,1,2026-01-26,General Service,36912,2027-01-04
1109,7,2025-01-22,General Service,40985,2027-05-08
1110,11,2024-10-29,Brake Repair,36709,2026-10-31
1111,3,2024-08-05,General Service,5267,2026-09-06
1112,4,2025-10-20,Engine Service,3808,2027-04-14
1113,7,2025-06-10,Battery Replacement,27366,2026-08-26
1114,7,2024-07-24,Brake Repair,44126,2027-03-13
1115,4,2025-02-04,Engine Service,23914,2026-07-13
1116,4,2025-09-25,Tyre Replacement,31670,2027-03-12
1117,5,2026-05-14,Battery Replacement,17315,2027-01-21
1118,2,2024-06-24,Brake Repair,20107,2026-11-01
1119,13,2026-03-01,Engine Service,21703,2027-01-13
1120,7,2024-06-18,Brake Repair,25726,2026-07-10
1121,14,2025-10-14,Brake Repair,5656,2026-08-23
1122,13,2025-08-28,Engine Service,31435,2027-05-10
1123,8,2026-05-05,General Service,41984,2026-10-01
1124,5,2025-04-03,Engine Service,35542,2026-11-11
1125,11,2025-12-30,Engine Service,6166,2026-07-29
1126,1,2025-10-29,Engine Service,11540,2026-08-16
1127,10,2024-09-22,Tyre Replacement,19089,2026-12-01
1128,6,2025-01-21,Brake Repair,33751,2026-06-12
1129,15,2026-05-20,Oil Change,20016,2027-03-02
1130,6,2025-12-23,Oil Change,5406,2026-08-15
1131,10,2025-01-31,General Service,37260,2026-12-11
1132,1,2025-04-12,Battery Replacement,18757,2026-06-15
1133,8,2024-06-13,Engine Service,28403,2026-12-16
1134,4,2025-04-26,Brake Repair,30392,2026-05-23
1135,4,2025-05-29,Tyre Replacement,11448,2027-05-20
1136,11,2024-10-15,General Service,29150,2026-09-20
1137,7,2026-03-11,Brake Repair,41784,2026-07-25
1138,2,2025-03-12,Engine Service,16234,2027-04-30
1139,12,2024-11-27,Tyre Replacement,36783,2027-03-15
1140,8,2024-09-02,Battery Replacement,12370,2026-12-12
1141,9,2026-05-13,Oil Change,5172,2026-06-08
1142,11,2025-12-03,Battery Replacement,22038,2027-03-26
1143,5,2025-02-08,General Service,6267,2027-02-22
1144,5,2025-12-17,Oil Change,35784,2026-10-30
1145,4,2025-06-21,Brake Repair,9886,2026-10-26
1146,7,2025-12-25,Battery Replacement,20094,2026-12-12
1147,10,2025-06-25,Battery Replacement,23397,2027-02-17
1148,1,2025-06-16,Oil Change,12040,2027-03-04
1149,8,2025-01-14,Tyre Replacement,26944,2026-05-29
1150,7,2025-01-17,Oil Change,19659,2026-09-13
1151,3,2025-12-23,Brake Repair,5239,2026-11-08
1152,5,2026-01-08,Engine Service,14594,2026-11-17
1153,13,2026-03-31,Battery Replacement,18380,2026-09-24
1154,6,2026-03-13,Battery Replacement,12883,2027-02-05
1155,12,2026-04-06,General Service,22958,2026-12-30
1156,7,2026-04-02,Battery Replacement,3709,2026-11-15
1157,15,2025-07-29,Tyre Replacement,24619,2027-02-12
1158,11,2025-02-17,Brake Repair,9592,2026-06-05
1159,8,2024-10-05,Brake Repair,32571,2027-04-27
1160,10,2025-09-19,Engine Service,13785,2027-01-13
1161,13,2024-07-20,Oil Change,4881,2026-09-06
1162,8,2026-03-31,Brake Repair,6632,2026-11-25
1163,5,2025-04-04,Engine Service,18507,2027-01-01
1164,14,2025-04-06,Engine Service,17651,2027-05-02
1165,3,2025-05-27,Brake Repair,40567,2027-01-07
1166,4,2026-01-29,Oil Change,39374,2026-11-13
1167,4,2024-07-21,Oil Change,36698,2026-07-13
1168,14,2024-12-06,Engine Service,40230,2026-10-27
1169,8,2025-09-22,Oil Change,7985,2027-01-07
1170,15,2024-05-21,Battery Replacement,8774,2027-05-12
1171,7,2025-04-16,Brake Repair,13326,2026-09-24
1172,10,2025-05-03,Oil Change,31198,2026-08-01
1173,12,2025-10-17,Oil Change,7819,2026-12-11
1174,13,2025-12-07,Brake Repair,4193,2027-04-18
1175,11,2025-05-31,Brake Repair,25002,2026-10-26
1176,14,2024-09-14,General Service,15564,2027-03-03
1177,13,2025-05-18,Battery Replacement,17391,2027-04-14
1178,4,2025-11-19,Tyre Replacement,33957,2026-11-17
1179,6,2024-12-21,Tyre Replacement,31119,2026-06-02
1180,7,2024-08-09,Oil Change,37649,2026-06-05
1181,7,2024-10-22,Engine Service,15109,2026-11-20
1182,4,2024-07-02,Engine Service,18465,2027-05-07
1183,11,2025-01-24,Engine Service,37039,2027-02-28
1184,8,2024-12-29,Battery Replacement,18553,2027-01-21
1185,10,2024-11-09,Brake Repair,7545,2026-06-24
1186,1,2024-11-11,General Service,35914,2026-08-21
1187,8,2026-03-29,Battery Replacement,14028,2026-07-13
1188,14,2026-04-28,Oil Change,44015,2027-02-15
1189,11,2024-12-31,Battery Replacement,29567,2027-03-19
1190,3,2025-10-04,Battery Replacement,5003,2027-03-11
1191,3,2024-09-05,Brake Repair,34351,2026-07-12
1192,13,2025-11-26,Tyre Replacement,35467,2027-04-07
1193,3,2025-01-15,Brake Repair,42651,2027-01-16
1194,11,2024-12-14,Battery Replacement,31555,2027-05-06
1195,10,2025-07-04,Tyre Replacement,36470,2027-04-17
1196,3,2025-02-23,Engine Service,37715,2027-02-24
1197,8,2025-03-11,Brake Repair,26127,2026-07-02
1198,6,2025-06-08,Oil Change,16583,2026-07-02
1199,13,2025-11-13,General Service,42765,2026-06-21
1200,14,2025-04-26,Oil Change,17319,2027-04-18
